<?xml version = "1.0" encoding = "UTF-8"?>
<department name="Computing">
  <students>
    <student>
      <name>Frederick</name>
        <lastname>Garcia</lastname>
        <lastname>Puig</lastname>
        <credits>
          <credit>
            <name>Markup languages</name>
            <mark>6</mark>
          </credit>
          <credit>
            <name>Programming</name>
            <mark>5</mark>
          </credit>
          <credit>
            <name>Database</name>
            <mark>3</mark>
          </credit>
        </credits>
    </student>
    <student>
        <name>Filomenu</name>
        <lastname>Pi</lastname>
        <lastname>Bru</lastname>
        <credits>
            <credit>
                <name>Markup languages</name>
                <mark>10</mark>
            </credit>
            <credit>
                <name>Programming</name>
                <mark>9</mark>
            </credit>
            <credit>
                <name>Database</name>
                <mark>10</mark>
            </credit>
        </credits>
    </student>
    <student>
        <name>Manolito</name>
        <lastname>Puigdevall</lastname>
        <lastname>Torres</lastname>
        <credits>
            <credit>
                <name>Markup languages</name>
                <mark>2</mark>
            </credit>
            <credit>
                <name>Programming</name>
                <mark>3</mark>
            </credit>
            <credit>
                <name>Database</name>
                <mark>9</mark>
            </credit>
        </credits>
    </student>
    <student>
        <name>Bernat</name>
        <lastname>Joy</lastname>
        <credits>
            <credit>
                <name>Markup languages</name>
                <mark>5</mark>
            </credit>
            <credit>
                <name>Programming</name>
                <mark>1</mark>
            </credit>
            <credit>
                <name>Database</name>
                <mark>6</mark>
            </credit>
        </credits>
    </student>
    <student>
        <name>Filibert</name>
        <lastname>Blanch</lastname>
        <lastname>Blanch</lastname>
        <credits>
            <credit>
                <name>Markup languages</name>
                <mark>7</mark>
            </credit>
            <credit>
                <name>Programming</name>
                <mark>4</mark>
            </credit>
            <credit>
                <name>Database</name>
                <mark>4</mark>
            </credit>
        </credits>
    </student>
    <student>
        <name>Magdalena</name>
        <lastname>Roig</lastname>
        <lastname>Fernández</lastname>
        <credits>
            <credit>
                <name>Markup languages</name>
                <mark>5</mark>
            </credit>
            <credit>
                <name>Programming</name>
                <mark>5</mark>
            </credit>
            <credit>
                <name>Database</name>
                <mark>5</mark>
            </credit>
        </credits>
      </student>                
  </students>
</department>